/plugins/* /apps/* 302
/next-steps/* /next-steps 302
/question/* /question 302
/careers/* /careers 302
/docs/integrations/android-integration /docs/libraries/android 302
/docs/integrations/community /docs/libraries/community 302
/docs/integrations/docusaurus-integration /docs/libraries/docusaurus 302
/docs/integrations/elixir-integration /docs/libraries/elixir 302
/docs/integrations/flutter-integration /docs/libraries/flutter 302
/docs/integrations/gatsby-integration /docs/libraries/gatsby 302
/docs/integrations/go-integration /docs/libraries/go 302
/docs/integrations/ios-integration /docs/libraries/ios 302
/docs/integrations/javascript-integration /docs/libraries/js 302
/docs/integrations/js-integration /docs/libraries/js 302
/docs/integrations/message-formatting /docs/libraries/message-formatting 302
/docs/integrations/microsoft-teams /docs/libraries/microsoft-teams 302
/docs/integrations/node-integration /docs/libraries/node 302
/docs/integrations/php-integration /docs/libraries/php 302
/docs/integrations/python-integration /docs/libraries/python 302
/docs/integrations/react-native-integration /docs/libraries/react-native 302
/docs/integrations/ruby-integration /docs/libraries/ruby 302
/docs/integrations/rudderstack-integration /docs/libraries/rudderstack 302
/docs/integrations/segment-integration /docs/libraries/segment 302
/docs/integrations/sentry-integration /docs/libraries/sentry 302
/docs/integrations/slack /docs/libraries/slack 302
/handbook/company/structure /handbook/people/team-structure/why-small-teams 302
/handbook/people/team /handbook/company/team 302
/handbook/growth/customer-success /handbook/growth/customer-support 302
/handbook/growth/customer-success /handbook/growth/customer-support 302
/handbook/getting-started /handbook/getting-started/start-here 302
/handbook/getting-started /handbook/getting-started/start-here 302
/handbook/people/team-structure/user-experience /handbook/people/team-structure/core-experience 302
/docs/plugins/build/overview /docs/apps/build 302
/docs/plugins/types /docs/apps/build/types 302
/docs/developing-locally /docs/contributing/developing-locally 302
/docs/project-structure /docs/contributing/project-structure 302
/docs/recognizing-contributions /docs/contributing/recognizing-contributions 302
/docs/stack /docs/contributing/stack 302
/docs/updating-documentation /docs/contributing/updating-documentation 302
/docs/configuring-posthog/scaling-posthog /docs/self-host 302
/docs/self-host/overview /docs/self-host 302
/docs/deployment /docs/self-host#deploy 302
/docs/self-host/configure /docs/self-host#configure 302
/docs/configuring-posthog /docs/self-host/configure 302
/docs/features/log-in-with-github-gitlab /docs/user-guides/sso 302
/docs/contributing/developing-locally /docs/contribute/developing-locally 302
/docs/contributing /docs/contribute 302
/docs/contributing/project-structure /docs/contribute/project-structure 302
/docs/contributing/recognizing-contributions /docs/contribute/recognizing-contributions 302
/docs/contributing/stack /docs/contribute/stack 302
/docs/contributing/updating-documentation /docs/contribute/updating-documentation 302
/docs/libraries/android /docs/integrate/client/android 302
/docs/libraries/flutter /docs/integrate/client/flutter 302
/docs/libraries/ios /docs/integrate/client/ios 302
/docs/libraries/js /docs/integrate/client/js 302
/docs/libraries/react-native /docs/integrate/client/react-native 302
/docs/deployment/snippet-installation /docs/integrate/client/snippet-installation 302
/docs/libraries/elixir /docs/integrate/server/elixir 302
/docs/libraries/go /docs/integrate/server/go 302
/docs/libraries/node /docs/integrate/server/node 302
/docs/libraries/php /docs/integrate/server/php 302
/docs/libraries/python /docs/integrate/server/python 302
/docs/libraries/ruby /docs/integrate/server/ruby 302
/docs/libraries/docusaurus /docs/integrate/third-party/docusaurus 302
/docs/libraries/gatsby /docs/integrate/third-party/gatsby 302
/docs/tutorials/1-minute/integrate-with-gtm /docs/integrate/third-party/google-tag-manager 302
/docs/tutorials/1-minute/integrate-with-metabase /docs/integrate/third-party/metabase 302
/docs/tutorials/1-minute/integrate-with-nuxt-js /docs/integrate/third-party/nuxt-js 302
/docs/tutorials/1-minute/integrate-with-retool /docs/integrate/third-party/retool 302
/docs/libraries/rudderstack /docs/integrate/third-party/rudderstack 302
/docs/libraries/segment /docs/integrate/third-party/segment 302
/docs/libraries/sentry /docs/integrate/third-party/sentry 302
/docs/tutorials/1-minute/integrate-with-shopify /docs/integrate/third-party/shopify 302
/docs/tutorials/1-minute/integrate-with-wordpress /docs/integrate/third-party/wordpress 302
/docs/libraries/message-formatting /docs/integrate/webhooks/message-formatting 302
/docs/libraries/microsoft-teams /docs/integrate/webhooks/microsoft-teams 302
/docs/libraries/slack /docs/integrate/webhooks/slack 302
/docs/configuring-posthog/email /docs/self-host/configure/email 302
/docs/configuring-posthog/environment-variables /docs/self-host/configure/environment-variables 302
/docs/configuring-posthog/running-behind-proxy /docs/self-host/configure/running-behind-proxy 302
/docs/configuring-posthog/securing-posthog /docs/self-host/configure/securing-posthog 302
/docs/configuring-posthog/upgrading-posthog /docs/self-host/configure/upgrading-posthog 302
/docs/deployment/deploy-aws-clickhouse /docs/self-host/deploy/aws-clickhouse 302
/docs/deployment/deploy-aws /docs/self-host/deploy/aws 302
/docs/deployment/deploy-azure /docs/self-host/deploy/azure 302
/docs/deployment/deploy-digital-ocean /docs/self-host/deploy/digital-ocean 302
/docs/deployment/deploy-docker /docs/self-host/deploy/docker 302
/docs/deployment/deploy-gke-clickhouse /docs/self-host/deploy/gke-clickhouse 302
/docs/deployment/deploy-gcs /docs/self-host/deploy/google-cloud-services 302
/docs/self-host/deploy/gcs /docs/self-host/deploy/google-cloud-services 302
/docs/deployment/deploy-heroku /docs/self-host/deploy/heroku 302
/docs/deployment/hosting-costs /docs/self-host/deploy/hosting-costs 302
/docs/deployment/deploy-kubernetes /docs/self-host/deploy/kubernetes 302
/docs/deployment/deploy-proxy /docs/self-host/deploy/proxy 302
/docs/deployment/deploy-qovery /docs/self-host/deploy/qovery 302
/docs/deployment/deploy-render /docs/self-host/deploy/render 302
/docs/deployment/deploy-source /docs/self-host/deploy/source 302
/docs/configuring-posthog/deleting-data /docs/tutorials/deleting-data 302
/docs/features/actions /docs/user-guides/actions 302
/docs/features/annotations /docs/user-guides/annotations 302
/docs/application-settings /docs/user-guides/application-settings 302
/docs/features/cohorts /docs/user-guides/cohorts 302
/docs/features/dashboards /docs/user-guides/dashboards 302
/docs/features/events /docs/user-guides/events 302
/docs/features/feature-flags /docs/user-guides/feature-flags 302
/docs/features/funnels /docs/user-guides/funnels 302
/docs/features/organizations /docs/user-guides/organizations 302
/docs/features/paths /docs/user-guides/paths 302
/docs/features/plugins /docs/apps 302
/docs/features/projects /docs/user-guides/projects 302
/docs/features/retention /docs/user-guides/retention 302
/docs/features/session-recording /docs/user-guides/session-recording 302
/docs/features/sessions /blog/sessions-removal 302
/docs/features/toolbar /docs/user-guides/toolbar 302
/docs/features/trends /docs/user-guides/trends 302
/docs/features/users /docs/user-guides/users 302
/docs/tutorials/overview /docs/tutorials 302
/docs/features /docs/user-guides 302
/docs/tutorials/1-minute/survey /docs/tutorials/survey 302
/features /product 302
/docs/integrate/overview /docs/integrate 302
/docs/integrations /docs/integrate 302
/docs/libraries /docs/integrate 302
/signup /pricing 302
/docs/self-host/deploy/render /docs/self-host/deploy/other#render 302
/docs/self-host/deploy/qovery /docs/self-host/deploy/other 302
/docs/tutorials/actions /docs/tutorials/event-tracking-guide 302
/docs/plugins/overview /docs/apps 302
/docs/api/overview /docs/api 302
/docs/contribute/overview /docs/contribute 302
/docs/user-guides/overview /docs/user-guides 302
/signup /pricing 302
/docs/user-guides/log-in-with-sso /docs/user-guides/sso 302
/docs/self-host/deploy/azure /docs/self-host/deploy/other 302
/docs/self-host/deploy/docker /docs/self-host/deploy/other 302
/docs/self-host/deploy/google-cloud-services /docs/self-host/deploy/gcp 302
/docs/self-host/deploy/heroku /docs/self-host/deploy/digital-ocean 302
/docs/self-host/deploy/kubernetes /docs/self-host/deploy/other 302
/docs/self-host/deploy/source /docs/self-host/deploy/other 302
/docs/self-host/deploy/proxy /docs/cloud/proxy 302
/docs/data-model /docs/data-model 302
/handbook/people/hiring-process/hiring-process /handbook/people/hiring-process 302
/docs/integrate/client/ios/index /docs/integrate/client/ios 302
/docs/integrate/client/js/index /docs/integrate/client/js 302
/handbook/people/hiring-process/index /handbook/people/hiring-process/hiring-process 302
/docs/self-host/deploy/overview /docs/self-host 302
/handbook/people/team-structure/growth-engineering /handbook/people/team-structure/growth 302
/handbook/people/team-structure/infrastructure /handbook/people/team-structure/platform 302
/docs/user-guides/projects /docs/user-guides/organizations-and-projects 302
/docs/user-guides/organizations /docs/user-guides/organizations-and-projects 302
/handbook/engineering/enterprise-prioritization /handbook/product/enterprise-features-prioritization 302
/blog/titles /blog/startup-job-titles 302
/handbook/growth/marketing/Customer-personas /handbook/growth/marketing/customer-personas 302
/handbook/engineering/product-team /handbook/product/product-team 302
/handbook/engineering/scale-features-prioritization /handbook/product/enterprise-features-prioritization 302
/blog/Building-the-future-of-game-analytics-pureskill /blog/building-the-future-of-game-analytics-pureskill 302
/handbook/product/scale-features-prioritization /handbook/product/enterprise-features-prioritization 302
/handbook/engineering/debugging /handbook/engineering/production-access 302
/docs/user-guides/session-recording /docs/user-guides/recordings 302
/docs/user-guides/session-recording /docs/user-guides/recordings 302
/handbook/product/scale-features-prioritization /handbook/engineering/scale-features-prioritization 302
/blog/sessions-deprecation /blog/sessions-removal 302
/docs/self-host/runbook/overview /docs/self-host/runbook 302
/blog/aarrr-how-to-build-pirate-funnel-posthog-with-posthog /docs/tutorials/aarrr-how-to-build-pirate-funnel-posthog-with-posthog 302
/docs/user-guides/users /docs/user-guides/persons 302
/docs/self-host/deploy/gke-clickhouse /docs/self-host/deploy/gcp 302
/docs/self-host/deploy/aws-clickhouse /docs/self-host/deploy/aws 302
/docs/integrations/api /docs/api 302
/docs/features/sso /docs/user-guides/sso 302
/docs/deployment/securing-posthog /docs/self-host/configure/securing-posthog 302
/docs/deployment/smtp-credentials /docs/self-host/configure/email 302
/docs/deployment/deploy-linode /docs/self-host 302
/request_demo /schedule-demo 302
/handbook/strategy/investor-updates /handbook/strategy/investors 302
/handbook/engineering/feature-parity /handbook/strategy/strategy 302
/docs/contribute/updating-documentation /docs/contribute 302
/handbook/growth/marketing/messaging_framework /handbook/growth/marketing 302
/handbook/growth/handbook/engineering/support-hero /handbook/growth/handbook/support-hero 302
/handbook/people/handbook/people/hiring-process/marketing-hiring /handbook/people/hiring-process/marketing-hiring 302
/docs/plugins/maxmind /apps 302
/about /handbook/company/story 302
/team /handbook/company/team 302
/contact /signup/self-host/get-in-touch#contact 302
/docs/integrate/third-party /docs/integrate 302
/docs/deployment/running-behind-proxy /docs/self-host/configure/running-behind-proxy 302
/docs/integrated /docs/integrate 302
/docs/scaling-posthog /docs/self-host/deploy/configuration#scaling-up 302
/handbook/growth/sales/ /handbook/growth/sales/overview 302
/docs/api/api /docs/api 302
/docs/code-of-conduct /docs/contribute/code-of-conduct 302
/docs/self-host/docs/self-host/postgres-vs-clickhouse /docs/self-host/postgres-vs-clickhouse 302
/blog/the-posthog-array-1-29-1 /blog/the-posthog-array-1-29-0 302
/blog/the-posthog-array-1-28-1 /blog/the-posthog-array-1-28-0 302
/blog/the-posthog-array-1-23-1 /blog/the-posthog-array-1-23-0 302
/blog/the-posthog-array-1-15-1 /blog/the-posthog-array-1-15-0 302
/handbook/people/team-structure/design /handbook/design/about-design 302
/handbook/design/about-design /handbook/people/team-structure/design 302
/product-features/self-hosted /product 302
/product-features/event-autocapture /product 302
/product-features/trends /product/trends 302
/product-features/funnels /apps/funnels 302
/product-features/retention /product 302
/product-features/feature-flags /apps/feature-flags 302
/product-features/session-recording /apps/session-recording 302
/product-features/plugins /apps 302
/product/funnels /apps/funnels 302
/product/trends /apps/trends 302
/product/session-recording /apps/session-recording 302
/product/feature-flags /apps/feature-flags 302
/product/heatmaps /apps/heatmaps 302
/product/experimentation-suite /apps/experimentation-suite 302
/product/collaboration /apps/collaboration 302
/heatmaps /apps/heatmaps 302
/docs/tutorials/aarrr-framework /tutorials/aarrr-framework 302
/docs/tutorials/aarrr-how-to-build-pirate-funnel-posthog-with-posthog /tutorials/aarrr-how-to-build-pirate-funnel-posthog-with-posthog 302
/docs/tutorials/b2b /tutorials/b2b 302
/docs/tutorials/cohorts /tutorials/cohorts 302
/docs/tutorials/deleting-data /tutorials/deleting-data 302
/docs/tutorials/event-tracking-guide /tutorials/event-tracking-guide 302
/docs/tutorials/feature-flags /tutorials/feature-flags 302
/docs/tutorials/funnels /tutorials/funnels 302
/docs/tutorials/how-to-embed-shared-dashboard /tutorials/how-to-embed-shared-dashboard 302
/docs/tutorials/nextjs-supabase-signup-funnel /tutorials/nextjs-supabase-signup-funnel 302
/docs/tutorials/retention /tutorials/retention 302
/docs/tutorials/revenue /tutorials/revenue 302
/docs/tutorials/spa /tutorials/spa 302
/docs/tutorials/survey /tutorials/survey 302
/docs/tutorials/taxonomy-acquisition /tutorials/taxonomy-acquisition 302
/docs/tutorials/toolbar /tutorials/toolbar 302
/docs/tutorials/tracking-teams /tutorials/tracking-teams 302
/handbook/company/branding /handbook/company/brand-assets 302
/docs/tutorials/* /tutorials/* 302
/docs/self-host/hobby-deployment /docs/self-host/deploy/hobby 302
/handbook/engineering/ee-setup /docs/contribute/developing-locally 302
/docs/user-guides/sessions /blog/sessions-removal 302
/docs/tutorials/how-to-segment-users /tutorials/how-to-segment-users 302
/docs/self-host/runbook/clickhouse/vertical_scaling /docs/self-host/runbook/clickhouse/vertical-scaling 302
/docs/self-host/runbook/clickhouse/vertical_scaling /docs/self-host/runbook/clickhouse/vertical-scaling 302
/docs/privacy/overview /docs/privacy 302
/docs/integrate/gdpr /docs/privacy/gdpr-compliance 302
/blog/hipaa-compliant-analytics /blog/best-hipaa-compliant-analytics-tools 302
/handbook/engineering/databases/async-migrations /handbook/engineering/async-migrations 302
/handbook/engineering/databases/event-ingestion /handbook/engineering/event-ingestion 302
/handbook/engineering/databases/query-performance-optimization /handbook/engineering/query-performance-optimization 302
/handbook/engineering/databases/schema-changes /handbook/engineering/schema-changes 302
/handbook/engineering/aws /handbook/engineering/cloud-providers 302
/docs/contribute/coding-conventions /handbook/engineering/conventions/frontend-coding 302
/docs/contribute/developing-locally /handbook/engineering/developing-locally 302
/handbook/engineering/mdx /handbook/engineering/posthog-com/mdx-setup 302
/docs/contribute/project-structure /handbook/engineering/project-structure 302
/docs/contribute/stack /handbook/engineering/stack 302
/tutorials/categories/session-recordings /tutorials/categories/session-recording 302
/docs/contribute/contribute-to-website /handbook/engineering/posthog-com/developing-the-website 302
/sso /docs/user-guides/sso 302
/docs/api/people /docs/api/persons 302
/handbook/engineering/k8s-overview /docs/self-host/architecture 302
/product/quantitative-analysis /apps/quantitative-analysis 302
/product/user-paths /apps/user-paths 302
/tutorials/free-hotjar-alternative /blog/best-open-source-session-replay-tools 302
/docs/privacy/hipaa-compliance /blog/hipaa-compliant-analytics 302
/handbook/engineering/conventions/frontend-coding /docs/contribute/coding-conventions 302
/handbook/engineering/posthog-com/developing-the-website /docs/contribute/contribute-to-website 302
/handbook/engineering/developing-locally /docs/contribute/developing-locally 302
/handbook/engineering/project-structure /docs/contribute/project-structure 302
/handbook/engineering/stack /docs/contribute/stack 302
/handbook/engineering/cloud-providers /handbook/engineering/aws 302
/handbook/engineering/posthog-com/mdx-setup /handbook/engineering/mdx 302
/product/quantitative-analysis /product/correlation-analysis 302
/docs/plugins/build/reference /docs/apps/build/reference 302
/docs/plugins/build/types /docs/apps/build/types 302
/docs/plugins/enabling /docs/apps/enabling 302
/docs/plugins /docs/apps 302
/integrations /apps 302
/integrations/* /apps/* 302
/docs/user-guides/plugins /docs/apps 302
/product-features /blog/posthog-vs-amplitude 302
/docs/plugins/build/reference /docs/apps/build/reference 302
/docs/plugins/build/types /docs/apps/build/types 302
/docs/plugins/enabling /docs/apps/enabling 302
/support /questions 302
/customers/why-i-ditched-mixpanel-for-posthog /blog/why-i-ditched-google-analytics-for-posthog 302
/handbook/company/1-1s /handbook/company/management 302
/lenny /?utm_campaign=lenny 302
/blog/the-posthog-array-1-36-1 /blog/the-posthog-array-1-36-0 302
/tutorials/b2b /blog/b2b-saas-product-metrics 302
/docs/self-host/migrate-to-cloud /docs/self-host/migrate/migrate-between-cloud-and-self-hosted 302
/tutorials/categories/plugins /tutorials/categories/apps 302
/startups /pricing 302
/trial /pricing 302
/schedule-demo /book-a-demo 302
/apps/airbyte-export/docs /docs/apps/airbyte-export 302
/apps/amazon-kinesis/docs /docs/apps/amazon-kinesis 302
/apps/automatic-cohort-creator/docs /docs/apps/automatic-cohort-creator 302
/apps/bigquery-export/docs /docs/apps/bigquery-export 302
/apps/bitbucket-release-tracker/docs /docs/apps/bitbucket-release-tracker 302
/apps/braze/docs /docs/apps/braze 302
/apps/currency-normalization/docs /docs/apps/currency-normalization 302
/apps/customer-io/docs /docs/apps/customer-io 302
/apps/databricks/docs /docs/apps/databricks 302
/apps/downsampling/docs /docs/apps/downsampling 302
/apps/email-scoring/docs /docs/apps/email-scoring 302
/apps/engage-connector/docs /docs/apps/engage-connector 302
/apps/event-sequence-timer/docs /docs/apps/event-sequence-timer 302
/apps/first-time-event-tracker/docs /docs/apps/first-time-event-tracker 302
/apps/geoip-enrichment/docs /docs/apps/geoip-enrichment 302
/apps/github-release-tracker/docs /docs/apps/github-release-tracker 302
/apps/github-star-sync/docs /docs/apps/github-star-sync 302
/apps/gitlab-release-tracker/docs /docs/apps/gitlab-release-tracker 302
/apps/google-cloud-export/docs /docs/apps/google-cloud-export 302
/apps/google-pub-sub-connector/docs /docs/apps/google-pub-sub-connector 302
/apps/heartbeat/docs /docs/apps/heartbeat 302
/apps/hubspot-connector/docs /docs/apps/hubspot-connector 302
/apps/ingestion-alert/docs /docs/apps/ingestion-alert 302
/apps/intercom/docs /docs/apps/intercom 302
/apps/migrator-3000/docs /docs/apps/migrator-3000 302
/apps/n8n/docs /docs/apps/n8n 302
/apps/orbit/docs /docs/apps/orbit 302
/apps/pagerduty-connector/docs /docs/apps/pagerduty-connector 302
/apps/postgres-export/docs /docs/apps/postgres-export 302
/apps/property-filter/docs /docs/apps/property-filter 302
/apps/property-flattener/docs /docs/apps/property-flattener 302
/apps/redshift-export/docs /docs/apps/redshift-export 302
/apps/redshift-import/docs /docs/apps/redshift-import 302
/apps/replicator/docs /docs/apps/replicator 302
/apps/rudderstack-export/docs /docs/apps/rudderstack-export 302
/apps/s3-export/docs /docs/apps/s3-export 302
/apps/salesforce-connector/docs /docs/apps/salesforce-connector 302
/apps/schema-enforcer/docs /docs/apps/schema-enforcer 302
/apps/segment/docs /docs/apps/segment 302
/apps/sendgrid-connector/docs /docs/apps/sendgrid-connector 302
/apps/sentry-connector/docs /docs/apps/sentry-connector 302
/apps/shopify/docs /docs/apps/shopify 302
/apps/snowflake-export/docs /docs/apps/snowflake-export 302
/apps/taxonomy-standardizer/docs /docs/apps/taxonomy-standardizer 302
/apps/timestamp-parser/docs /docs/apps/timestamp-parser 302
/apps/twilio/docs /docs/apps/twilio 302
/apps/twitter-followers/docs /docs/apps/twitter-followers 302
/apps/unduplicator/docs /docs/apps/unduplicator 302
/apps/url-normalizer/docs /docs/apps/url-normalizer 302
/apps/user-agent-populator/docs /docs/apps/user-agent-populator 302
/apps/variance-connector/docs /docs/apps/variance-connector 302
/apps/zapier-connector/docs /docs/apps/zapier-connector 302
/apps/zendesk-connector/docs /docs/apps/zendesk-connector 302
/handbook/engineering/app-east /handbook/people/team-structure/app-east 302
/blog/the-posthog-array-1-37-1 /blog/the-posthog-array-1-37-0 302
/handbook/engineering/app-west /handbook/people/team-structure/app-west 302
/docs/self-host/configure/async-migrations /docs/runbook/async-migrations 302
/docs/self-host/configure/async-migrations/0001-events-sample-by /docs/runbook/async-migrations/0001-events-sample-by 302
/docs/self-host/configure/async-migrations/0002-events-sample-by /docs/runbook/async-migrations/0002-events-sample-by 302
/docs/self-host/configure/async-migrations/0003-fill-person-distinct-id2 /docs/runbook/async-migrations/0003-fill-person-distinct-id2 302
/docs/self-host/configure/async-migrations/overview /docs/runbook/async-migrations 302
/docs/self-host/disaster-recovery /docs/runbook/disaster-recovery 302
/docs/self-host/migrate/migrate-between-cloud-and-self-hosted /docs/runbook/migrate/migrate-between-cloud-and-self-hosted 302
/docs/self-host/migrate/migrate-from-amplitude /docs/runbook/migrate/migrate-from-amplitude 302
/docs/self-host/migrate/migrate-to-another-self-hosted-instance /docs/migrate/migrate-to-another-self-hosted-instance 302
/docs/self-host/runbook/clickhouse/backup /docs/runbook/services/clickhouse/backup 302
/docs/self-host/runbook/clickhouse /docs/runbook/services/clickhouse 302
/docs/self-host/runbook/clickhouse/kafka-engine /docs/runbook/services/clickhouse/kafka-engine 302
/docs/self-host/runbook/clickhouse/resize-disk /docs/runbook/services/clickhouse/resize-disk 302
/docs/self-host/runbook/clickhouse/restore /docs/runbook/services/clickhouse/restore 302
/docs/self-host/runbook/clickhouse/sharding-and-replication /docs/runbook/services/clickhouse/sharding-and-replication 302
/docs/self-host/runbook/clickhouse/vertical-scaling /docs/runbook/services/clickhouse/vertical-scaling 302
/docs/self-host/runbook/kafka /docs/runbook/services/kafka 302
/docs/self-host/runbook/kafka/log-retention /docs/runbook/services/kafka/log-retention 302
/docs/self-host/runbook/kafka/resize-disk /docs/runbook/services/kafka/resize-disk 302
/docs/self-host/runbook/minio /docs/runbook/services/minio 302
/docs/self-host/runbook/plugin-server/diagrams/async-server /docs/runbook/services/plugin-server/diagrams/async-server 302
/docs/self-host/runbook/plugin-server/diagrams/event-flow /docs/runbook/services/plugin-server/diagrams/event-flow 302
/docs/self-host/runbook/plugin-server/diagrams/ingestion-server /docs/runbook/services/plugin-server/diagrams/ingestion-server 302
/docs/self-host/runbook/plugin-server/diagrams/plugin-server /docs/runbook/services/plugin-server/diagrams/plugin-server 302
/docs/self-host/runbook/plugin-server /docs/runbook/services/plugin-server 302
/docs/self-host/runbook/postgresql /docs/runbook/services/postgresql 302
/docs/self-host/postgres-upgrade-migrations /docs/runbook/services/postgresql/long-migrations 302
/docs/self-host/runbook/postgresql/resize-disk /docs/runbook/services/postgresql/resize-disk 302
/docs/self-host/runbook/redis /docs/runbook/services/redis 302
/docs/self-host/runbook/zookeeper /docs/runbook/services/zookeeper 302
/docs/self-host/deploy/upgrade-notes /docs/runbook/upgrade-notes 302
/docs/self-host/configure/upgrading-posthog /docs/runbook/upgrading-posthog 302
/tutorials/aarrr-framework /blog/aarrr-pirate-funnel 302
/tutorials/aarrr-how-to-build-pirate-funnel-posthog-with-posthog /blog/aarrr-pirate-funnel 302
/docs/cloud/proxy /docs/integrate/proxy 302
/docs/self-host/migrate/migrate-between-cloud-and-self-hosted /docs/migrate/migrate-between-cloud-and-self-hosted 302
/docs/self-host/migrate/migrate-from-amplitude /docs/migrate/migrate-from-amplitude 302
/docs/self-host/migrate-from-postgres-to-clickhouse /docs/self-host/migrate/migrate-to-another-self-hosted-instance 302
/docs/self-host/migrate/migrate-to-another-self-hosted-instance /docs/migrate/migrate-to-another-self-hosted-instance 302
/plugins/customer.io /apps/customer-io 302
/plugins/hubspot /apps/hubspot-connector 302
/plugins/pub/sub-export /apps/google-pub-sub-connector 302
/plugins/sendgrid /apps/sendgrid-connector 302
/plugins/geoip /apps/apps/geoip-enrichment 302
/plugins/event-sequence-timer-plugin /apps/event-sequence-timer 302
/handbook/product/pm-rampup /handbook/people/ramp-up/product-manager 302
/handbook/people/team-structure/team-structure/why-small-teams /handbook/people/team-structure/why-small-teams 302
/docs/plugins/build /docs/apps/build 302
/docs/user-guides/actions /manual/actions 302
/docs/user-guides/annotations /manual/annotations 302
/docs/user-guides/application-settings /manual/application-settings 302
/docs/user-guides/cohorts /manual/cohorts 302
/docs/user-guides/correlation /manual/correlation 302
/docs/user-guides/dashboards /manual/dashboards 302
/docs/user-guides/data-management /manual/data-management 302
/docs/user-guides/events /manual/events 302
/docs/user-guides/experimentation /manual/experimentation 302
/docs/user-guides/feature-flags /manual/feature-flags 302
/docs/user-guides/funnels /manual/funnels 302
/docs/user-guides/group-analytics /manual/group-analytics 302
/docs/user-guides /using-posthog 302
/docs/user-guides/insights /manual/insights 302
/docs/user-guides/lifecycle /manual/lifecycle 302
/docs/user-guides/organizations-and-projects /manual/organizations-and-projects 302
/docs/user-guides/paths /manual/paths 302
/docs/user-guides/persons /manual/persons 302
/docs/user-guides/recordings /manual/recordings 302
/docs/user-guides/retention /manual/retention 302
/docs/user-guides/sessions /manual/sessions 302
/docs/user-guides/sso /manual/sso 302
/docs/user-guides/stickiness /manual/stickiness 302
/docs/user-guides/subscriptions /manual/subscriptions 302
/docs/user-guides/support /manual/support 302
/docs/user-guides/toolbar /manual/toolbar 302
/docs/user-guides/trends /manual/trends 302
/docs/user-guides/utm-segmentation /manual/utm-segmentation 302
/docs/user-guides/subscriptions /manual/notifications-and-alerts 302
